cidade,populacao,casos_covid,obitos_covid,taxa_mortalidade
São Paulo,12300000,320000,14000,4.375
Rio de Janeiro,6748000,210000,9000,4.285714285714286
Salvador,2872000,150000,4500,3.0
Belo Horizonte,2528000,120000,3500,2.9166666666666665
Curitiba,1966000,90000,2700,3.0
